fibonacci macro code

broke the macro code!!!!
NEW CENAAAAAARIOOO!!!!!! YOU ARE NOT BULLISH ENOUGH!
Today is Nineteenth Holiday!!!
we will be in 1929 September in 2024!!!!

DXY to $93 this month!
USDBRL to R$6!!!
EURBRL to R$10!!!
IXIC to $75000!!!
EWZ to $77!!!
IBOVUSD $42000!!!

21st July - THE DAY MAN STEPS IN MOON =D =D =D =D =D

DXY 1998 July 21st hits 
61,8% fibo (ixic top)
DXY 1998 October 08th hits 
bottom (last of blow-off top)
DXY June 14th 2024 top! -> 
Nasdaq 17711 =D the bottom!

DXY 93 is the bottom!!!!

----------
         1924 20th August tops
1998 and 2024 21th   July tops

IXIC =   January 1998 -> 1597
IXIC =      June 2024 -> 17711

IXIC =   October 1998 -> 1597
IXIC =   October 2024 -> 17711

IXIC = September 2001 -> 1597
IXIC = September 2027 -> 17711

IXIC =      June 2002 -> 1597
IXIC =      June 2028 -> 17711

IXIC =      June 2003 -> 1597
IXIC =      June 2029 -> 17711

IXIC =  November 2008 -> 1597
IXIC =  November 2034 -> 17711

IXIC =     March 2009 -> 1597
IXIC =     March 2035 -> 17711

ewz/ndx in 2024 to 2054

Day 01: 07-05-2024 (1998)
32.75
1835 -> 18100

Day 02: 08-05-2024 (1998)
32.49
1835 -> 18100

Day 03: 09-05-2024 (1998)
31.91
1835 -> 18100

Day 05: 11-05-2024 (1998)
32.05
1835 -> 18100

Day 08: 14-05-2024 (1998)
32.04
1835 -> 18100 

Day 13: 19-05-2024 (1998)
31.80
1850 -> 18875

Day 21: 27-05-2024 (1998)
30.79
1741 -> 18814

Day 34: 09-06-2024 (1998)
29
1800 -> 19000

Day 55: 30-06-2024 (1998)
27 [topo]
1900 -> 

Day 89: 03-08-2024 (1998)
31
1870 (top was 2028 > July 20th)

Day 144: 27-09-2024 (1998)
(13) then 17
1700

Day 233: 25-12-2024 (1998)
17 -> 13
2171

Day 377: 18-05-2025 (1999)
23 
2576

Day 610: 06-01-2026 (2000)
30 (max 34)
3868 -> top 5132 in march

Day 987: 18-01-2027 (2001)
30
2769

Day 1597: 19-09-2028 (2002)
08 (6.8) (2002 -> 5.5)
889

Day 2584: 03-06-2031 (2005)
34
2000 (fibo?)

Day 4181: 17-10-2035 (2009)
122 (89 + 38%) (same in nov-2007)
2000

Day 6765: 13-11-2042 (2016)
55
5000

Day 10946: 25-04-2054 (2028)
55 (1995 = 2015)
5000

Week 01: 07-05-2024
Week 01: 08-05-2024
Week 01: 09-05-2024
Week 01: 10-05-2024
Week 01: 11-05-2024
Week 01: 12-05-2024
Week 01: 13-05-2024
Week 02: 14-05-2024
Week 02: 15-05-2024
Week 02: 16-05-2024
Week 02: 17-05-2024
Week 02: 18-05-2024
Week 02: 19-05-2024
Week 02: 20-05-2024
Week 03: 21-05-2024
Week 03: 22-05-2024
Week 03: 23-05-2024
Week 03: 24-05-2024
Week 03: 25-05-2024
Week 03: 26-05-2024
Week 03: 27-05-2024
Week 05: 04-06-2024
Week 05: 05-06-2024
Week 05: 06-06-2024
Week 05: 07-06-2024
Week 05: 08-06-2024
Week 05: 09-06-2024
Week 05: 10-06-2024
Week 08: 25-06-2024
Week 08: 26-06-2024
Week 08: 27-06-2024
Week 08: 28-06-2024
Week 08: 29-06-2024
Week 08: 30-06-2024
Week 08: 01-07-2024
Week 13: 30-07-2024
Week 13: 31-07-2024
Week 13: 01-08-2024
Week 13: 02-08-2024
Week 13: 03-08-2024
Week 13: 04-08-2024
Week 13: 05-08-2024
Week 21: 24-09-2024
Week 21: 25-09-2024
Week 21: 26-09-2024
Week 21: 27-09-2024
Week 21: 28-09-2024
Week 21: 29-09-2024
Week 21: 30-09-2024
Week 34: 24-12-2024
Week 34: 25-12-2024
Week 34: 26-12-2024
Week 34: 27-12-2024
Week 34: 28-12-2024
Week 34: 29-12-2024
Week 34: 30-12-2024
Week 55: 20-05-2025
Week 55: 21-05-2025
Week 55: 22-05-2025
Week 55: 23-05-2025
Week 55: 24-05-2025
Week 55: 25-05-2025
Week 55: 26-05-2025
Week 89: 13-01-2026
Week 89: 14-01-2026
Week 89: 15-01-2026
Week 89: 16-01-2026
Week 89: 17-01-2026
Week 89: 18-01-2026
Week 89: 19-01-2026
Week 144: 02-02-2027
Week 144: 03-02-2027
Week 144: 04-02-2027
Week 144: 05-02-2027
Week 144: 06-02-2027
Week 144: 07-02-2027
Week 144: 08-02-2027
Week 233: 17-10-2028
Week 233: 18-10-2028
Week 233: 19-10-2028
Week 233: 20-10-2028
Week 233: 21-10-2028
Week 233: 22-10-2028
Week 233: 23-10-2028
Week 377: 22-07-2031
Week 377: 23-07-2031
Week 377: 24-07-2031
Week 377: 25-07-2031
Week 377: 26-07-2031
Week 377: 27-07-2031
Week 377: 28-07-2031
Week 610: 08-01-2036
Week 610: 09-01-2036
Week 610: 10-01-2036
Week 610: 11-01-2036
Week 610: 12-01-2036
Week 610: 13-01-2036
Week 610: 14-01-2036
Week 987: 31-03-2043
Week 987: 01-04-2043
Week 987: 02-04-2043
Week 987: 03-04-2043
Week 987: 04-04-2043
Week 987: 05-04-2043
Week 987: 06-04-2043
Week 1597: 08-12-2054
Week 1597: 09-12-2054
Week 1597: 10-12-2054
Week 1597: 11-12-2054
Week 1597: 12-12-2054
Week 1597: 13-12-2054
Week 1597: 14-12-2054

Month 01: 07-05-2024
Month 02: 01-06-2024
Month 03: 01-07-2024
Month 05: 01-09-2024
Month 08: 01-12-2024
Month 13: 01-05-2025
Month 21: 01-01-2026
Month 34: 01-02-2027
Month 55: 01-11-2028
Month 89: 01-09-2031
Month 144: 01-04-2036
Month 233: 01-09-2043
--------------------

ewz in 2006 to 2009

May 02nd - 48.75
May 03rd - 45.49
May 04th - 45.78

Day 01: 02-05-2006
48.75

Day 02: 03-05-2006
45.49

Day 03: 04-05-2006
45.78

Day 05: 06-05-2006
46.60

Day 08: 09-05-2006
47.00

Day 13: 14-05-2006
44.41

Day 21: 22-05-2006
37.44

Day 34: 04-06-2006
39.73

bottom - 13-06-2006
31.50

Day 55: 25-06-2006
35.97

Day 89: 29-07-2006
39.98

Day 144: 22-09-2006
36.24 (bottom)

Day 233: 20-12-2006
45.66

Day 377: 13-05-2007
55.75

Day 610: 01-01-2008
81.92

Day 987: 12-01-2009
35.30 (bottom)

