[first big pressure]

attention in
july 1990
34 months
144 weeks
987 days

[first big pressure]

[second big pressure]

attention in
march 1992
55 months
233 weeks
1597 days

[second big pressure]

Day 01: 06-10-1987
Day 02: 07-10-1987
Day 03: 08-10-1987
Day 05: 10-10-1987
Day 08: 13-10-1987
Day 13: 18-10-1987
Day 21: 26-10-1987
Day 34: 08-11-1987
Day 55: 29-11-1987
Day 89: 02-01-1988
Day 144: 26-02-1988
Day 233: 25-05-1988
Day 377: 16-10-1988
Day 610: 06-06-1989
Day 987: 18-06-1990
Day 1597: 18-02-1992
Day 2584: 01-11-1994
Day 4181: 17-03-1999
Day 6765: 13-04-2006
Day 10946: 23-09-2017
Day 17711: 01-04-2036
Day 28657: 21-03-2066

Week 01: 06-10-1987
Week 01: 07-10-1987
Week 01: 08-10-1987
Week 01: 09-10-1987
Week 01: 10-10-1987
Week 01: 11-10-1987
Week 01: 12-10-1987
Week 02: 13-10-1987
Week 02: 14-10-1987
Week 02: 15-10-1987
Week 02: 16-10-1987
Week 02: 17-10-1987
Week 02: 18-10-1987
Week 02: 19-10-1987
Week 03: 20-10-1987
Week 03: 21-10-1987
Week 03: 22-10-1987
Week 03: 23-10-1987
Week 03: 24-10-1987
Week 03: 25-10-1987
Week 03: 26-10-1987
Week 05: 03-11-1987
Week 05: 04-11-1987
Week 05: 05-11-1987
Week 05: 06-11-1987
Week 05: 07-11-1987
Week 05: 08-11-1987
Week 05: 09-11-1987
Week 08: 24-11-1987
Week 08: 25-11-1987
Week 08: 26-11-1987
Week 08: 27-11-1987
Week 08: 28-11-1987
Week 08: 29-11-1987
Week 08: 30-11-1987
Week 13: 29-12-1987
Week 13: 30-12-1987
Week 13: 31-12-1987
Week 13: 01-01-1988
Week 13: 02-01-1988
Week 13: 03-01-1988
Week 13: 04-01-1988
Week 21: 23-02-1988
Week 21: 24-02-1988
Week 21: 25-02-1988
Week 21: 26-02-1988
Week 21: 27-02-1988
Week 21: 28-02-1988
Week 21: 29-02-1988
Week 34: 24-05-1988
Week 34: 25-05-1988
Week 34: 26-05-1988
Week 34: 27-05-1988
Week 34: 28-05-1988
Week 34: 29-05-1988
Week 34: 30-05-1988
Week 55: 18-10-1988
Week 55: 19-10-1988
Week 55: 20-10-1988
Week 55: 21-10-1988
Week 55: 22-10-1988
Week 55: 23-10-1988
Week 55: 24-10-1988
Week 89: 13-06-1989
Week 89: 14-06-1989
Week 89: 15-06-1989
Week 89: 16-06-1989
Week 89: 17-06-1989
Week 89: 18-06-1989
Week 89: 19-06-1989
Week 144: 03-07-1990
Week 144: 04-07-1990
Week 144: 05-07-1990
Week 144: 06-07-1990
Week 144: 07-07-1990
Week 144: 08-07-1990
Week 144: 09-07-1990
Week 233: 17-03-1992
Week 233: 18-03-1992
Week 233: 19-03-1992
Week 233: 20-03-1992
Week 233: 21-03-1992
Week 233: 22-03-1992
Week 233: 23-03-1992
Week 377: 20-12-1994
Week 377: 21-12-1994
Week 377: 22-12-1994
Week 377: 23-12-1994
Week 377: 24-12-1994
Week 377: 25-12-1994
Week 377: 26-12-1994
Week 610: 08-06-1999
Week 610: 09-06-1999
Week 610: 10-06-1999
Week 610: 11-06-1999
Week 610: 12-06-1999
Week 610: 13-06-1999
Week 610: 14-06-1999
Week 987: 29-08-2006
Week 987: 30-08-2006
Week 987: 31-08-2006
Week 987: 01-09-2006
Week 987: 02-09-2006
Week 987: 03-09-2006
Week 987: 04-09-2006
Week 1597: 08-05-2018
Week 1597: 09-05-2018
Week 1597: 10-05-2018
Week 1597: 11-05-2018
Week 1597: 12-05-2018
Week 1597: 13-05-2018
Week 1597: 14-05-2018
Week 2584: 07-04-2037
Week 2584: 08-04-2037
Week 2584: 09-04-2037
Week 2584: 10-04-2037
Week 2584: 11-04-2037
Week 2584: 12-04-2037
Week 2584: 13-04-2037
Week 4181: 15-11-2067
Week 4181: 16-11-2067
Week 4181: 17-11-2067
Week 4181: 18-11-2067
Week 4181: 19-11-2067
Week 4181: 20-11-2067
Week 4181: 21-11-2067

Month 01: 06-10-1987
Month 02: 01-11-1987
Month 03: 01-12-1987
Month 05: 01-02-1988
Month 08: 01-05-1988
Month 13: 01-10-1988
Month 21: 01-06-1989
Month 34: 01-07-1990
Month 55: 01-04-1992
Month 89: 01-02-1995
Month 144: 01-09-1999
Month 233: 01-02-2007
Month 377: 01-02-2019
Month 610: 01-07-2038
Month 987: 01-12-2069